SET NAMES utf8mb4;
SET @OLD_UNIQUE_CHECKS=@@UNIQUE_CHECKS, UNIQUE_CHECKS=0;
SET @OLD_FOREIGN_KEY_CHECKS=@@FOREIGN_KEY_CHECKS, FOREIGN_KEY_CHECKS=0;
SET @OLD_SQL_MODE=@@SQL_MODE, SQL_MODE='TRADITIONAL';

DROP SCHEMA IF EXISTS darbuotojai;
CREATE SCHEMA darbuotojai;
USE darbuotojai;

CREATE TABLE PROJEKTAS (
	ID INTEGER PRIMARY KEY,
   	PAVADINIMAS VARCHAR(255)
);


INSERT INTO PROJEKTAS VALUES
(1, 'Izola'),
(2, 'Registru Centras'),
(3, 'Kaunas');


CREATE TABLE SKYRIUS(
    PAVADINIMAS VARCHAR(255) PRIMARY KEY,
    VADOVAS_ASMENSKODAS VARCHAR(255)
);


INSERT INTO SKYRIUS VALUES
('Java', '48509141175'),
('Testavimo', '38804172782'),
('C#', '38904172782');


CREATE TABLE DARBUOTOJAS(
    ASMENSKODAS CHAR(11) NOT NULL PRIMARY KEY,
    VARDAS VARCHAR(255),
    PAVARDE VARCHAR(255),
    DIRBANUO DATE,
    GIMIMOMETAI DATE,
    PAREIGOS VARCHAR(255),
    SKYRIUS_PAVADINIMAS VARCHAR(255),
    PROJEKTAS_ID INTEGER
);


INSERT INTO DARBUOTOJAS VALUES
('38101122335', 'Petras', 'Petraitis', DATE '2009-10-30', DATE '1981-01-11', 'Testuotojas', 'Testavimo', 1),
('38010101234', 'Jonas', 'Jonaitis', DATE '2007-05-30', DATE '1980-10-10', 'Programuotojas', 'Java', 2),
('38103201435', 'Rimas', 'Plekaitis', DATE '2009-10-30', DATE '1981-03-20', 'Programuotojas', 'Java', 3),
('48509141175', 'Zita', 'Lietuvaite', DATE '2012-06-15', DATE '1985-09-14', 'Projektu vadove', 'Java', 2),
('48410121275', 'Jurga', 'Jurgaityte', DATE '2011-02-12', DATE '1984-10-12', 'Programuotoja', 'C#', 1),
('38807201234', 'Giedrius', 'Sabutis', DATE '2009-01-21', DATE '1988-07-20', 'Testuotojas', 'Testavimo', 2),
('38807291234', 'Regimantas', 'Sabonis', DATE '2013-01-21', DATE '1988-07-29', 'Testuotojas', 'Testavimo', 3),
('38609191234', 'Saulius', 'Sabonis', DATE '2013-01-21', DATE '1986-09-19', 'Testuotojas', 'Testavimo', 3),
('38109197598', 'Justas', 'Sabonis', DATE '2011-12-17', DATE '1986-09-19', 'Testuotojas', 'Testavimo', 1),
('38503142412', 'Jonas', 'Kalnas', DATE '2009-05-11', DATE '1985-03-24', 'Programuotojas', 'Java', 1),
('39003142412', 'Stasys', 'Sakalas', DATE '2009-05-11', DATE '1990-03-24', 'Programuotojas', 'Java', 3),
('37803142412', 'Povilas', 'Vakalas', DATE '2012-11-11', DATE '1978-03-14', 'Programuotojas', 'C#', 2),
('38804172782', 'Deivydas', 'Piliukas', DATE '2011-12-11', DATE '1988-04-17', 'Projektu vadovas', 'Testavimo', 2),
('38904172782', 'Kestas', 'Liutas', DATE '2012-12-11', DATE '1989-04-17', 'Projektu vadovas', 'C#', 1),
('38901228523', 'laikinas', 'veikejas', DATE '2009-01-22', DATE '1989-01-22', NULL, NULL, NULL);


ALTER TABLE DARBUOTOJAS ADD CONSTRAINT CONSTRAINT_F5 FOREIGN KEY(SKYRIUS_PAVADINIMAS) REFERENCES SKYRIUS(PAVADINIMAS);
ALTER TABLE SKYRIUS ADD CONSTRAINT CONSTRAINT_AB FOREIGN KEY(VADOVAS_ASMENSKODAS) REFERENCES DARBUOTOJAS(ASMENSKODAS);
ALTER TABLE DARBUOTOJAS ADD CONSTRAINT CONSTRAINT_F56 FOREIGN KEY(PROJEKTAS_ID) REFERENCES PROJEKTAS(ID);
